trial,tau_scaler,theta_scaler,prob_succ_no_ai,prob_succ_other_decision,ai_count,human_count,prob_other_decision
1,0.6,1.0,0.16333333333333333,0.14333333333333334,21,0,0.4833395034305885
1,0.8,1.0,0.37,0.35333333333333333,21,0,0.4700359482354283
1,1.0,1.0,0.6466666666666666,0.58,21,0,0.465886413976642
1,1.2,1.0,0.84,0.7666666666666667,21,0,0.46505705484178544
1,1.4,1.0,0.95,0.9,21,0,0.47335858854951607
1,1.6,1.0,0.99,0.96,21,0,0.47834688488309984
1,1.8,1.0,1.0,0.9733333333333334,21,0,0.47917871462725703
1,2.0,1.0,1.0,0.9966666666666667,21,0,0.4791787146272571
1,0.6,2.0,0.16333333333333333,0.14333333333333334,21,0,0.4667159617488687
1,0.8,2.0,0.37,0.35333333333333333,21,0,0.440286350732807
1,1.0,2.0,0.6466666666666666,0.58,21,0,0.43208895029076777
1,1.2,2.0,0.84,0.7666666666666667,21,0,0.430453776060771
1,1.4,2.0,0.95,0.9,21,0,0.44686802193104874
1,1.6,2.0,0.99,0.96,21,0,0.45677483551814235
1,1.8,2.0,1.0,0.9733333333333334,21,0,0.4584295167832001
1,2.0,2.0,1.0,0.9966666666666667,21,0,0.45842951678320004
1,0.6,3.0,0.16333333333333333,0.14333333333333334,21,0,0.4501660026875221
1,0.8,3.0,0.37,0.35333333333333333,21,0,0.4109595659413349
1,1.0,3.0,0.6466666666666666,0.58,21,0,0.3989121211516302
1,1.2,3.0,0.84,0.7666666666666667,21,0,0.39651675013527377
1,1.4,3.0,0.95,0.9,21,0,0.42067574785125056
1,1.6,3.0,0.99,0.96,21,0,0.4353637081969708
1,1.8,3.0,1.0,0.9733333333333334,21,0,0.4378234991142018
1,2.0,3.0,1.0,0.9966666666666667,21,0,0.4378234991142019
1,0.6,4.0,0.16333333333333333,0.14333333333333334,21,0,0.4337256058045609
1,0.8,4.0,0.37,0.35333333333333333,21,0,0.382252125230751
1,1.0,4.0,0.6466666666666666,0.58,21,0,0.366638113021046
1,1.2,4.0,0.84,0.7666666666666667,21,0,0.36354745971843366
1,1.4,4.0,0.95,0.9,21,0,0.3949225810582625
1,1.6,4.0,0.99,0.96,21,0,0.4141909784350151
1,1.8,4.0,1.0,0.9733333333333334,21,0,0.4174297935376853
1,2.0,4.0,1.0,0.9966666666666667,21,0,0.4174297935376853
1,0.6,5.0,0.16333333333333333,0.14333333333333334,21,0,0.41742979353768533
1,0.8,5.0,0.37,0.35333333333333333,21,0,0.3543436937742045
1,1.0,5.0,0.6466666666666666,0.58,21,0,0.33551774365212944
1,1.2,5.0,0.84,0.7666666666666667,21,0,0.33181222783183384
1,1.4,5.0,0.95,0.9,21,0,0.36973977708224864
1,1.6,5.0,0.99,0.96,21,0,0.3933306438917887
1,1.8,5.0,1.0,0.9733333333333334,21,0,0.39731466202150834
1,2.0,5.0,1.0,0.9966666666666667,21,0,0.3973146620215082
1,0.6,6.0,0.16333333333333333,0.14333333333333334,21,0,0.401312339887548
1,0.8,6.0,0.37,0.35333333333333333,21,0,0.32739298293223956
1,1.0,6.0,0.6466666666666666,0.58,21,0,0.3057636598919694
1,1.2,6.0,0.84,0.7666666666666667,21,0,0.30153478399746125
1,1.4,6.0,0.95,0.9,21,0,0.34524653939368083
1,1.6,6.0,0.99,0.96,21,0,0.37285223368680437
1,1.8,6.0,1.0,0.9733333333333334,21,0,0.3775406687981453
1,2.0,6.0,1.0,0.9966666666666667,21,0,0.37754066879814546
1,0.6,7.0,0.16333333333333333,0.14333333333333334,21,0,0.3854055017324505
1,0.8,7.0,0.37,0.35333333333333333,21,0,0.3015347839974612
1,1.0,7.0,0.6466666666666666,0.58,21,0,0.27754607985646673
1,1.2,7.0,0.84,0.7666666666666667,21,0,0.2728917836588705
1,1.4,7.0,0.95,0.9,21,0,0.3215480508579819
1,1.6,7.0,0.99,0.96,21,0,0.3528199507665028
1,1.8,7.0,1.0,0.9733333333333334,21,0,0.35816595491126885
1,2.0,7.0,1.0,0.9966666666666667,21,0,0.35816595491126885
1,0.6,8.0,0.16333333333333333,0.14333333333333334,21,0,0.3697397770822487
1,0.8,8.0,0.37,0.35333333333333333,21,0,0.27687819487561016
1,1.0,8.0,0.6466666666666666,0.58,21,0,0.250991109829767
1,1.2,8.0,0.84,0.7666666666666667,21,0,0.24601128355105192
1,1.4,8.0,0.95,0.9,21,0,0.2987340826061377
1,1.6,8.0,0.99,0.96,21,0,0.33329196733387695
1,1.8,8.0,1.0,0.9733333333333334,21,0,0.3392436312341828
1,2.0,8.0,1.0,0.9966666666666667,21,0,0.3392436312341828
2,0.6,1.0,0.0,0.0,21,0,0.48916836156445265
2,0.8,1.0,0.0,0.0,21,0,0.48333950343058857
2,1.0,1.0,0.0,0.0,21,0,0.47751517520819986
2,1.2,1.0,0.0,0.0,21,0,0.4700359482354282
2,1.4,1.0,0.0,0.0,21,0,0.47335858854951607
2,1.6,1.0,0.0,0.0,21,0,0.474189629030992
2,1.8,1.0,0.0,0.0,21,0,0.4783468848830998
2,2.0,1.0,0.0,0.0,21,0,0.4825071423336103
2,0.6,2.0,0.0,0.0,21,0,0.47834688488309984
2,0.8,2.0,0.0,0.0,21,0,0.46671596174886876
2,1.0,2.0,0.0,0.0,21,0,0.45512110762641994
2,1.2,2.0,0.0,0.0,21,0,0.44028635073280703
2,1.4,2.0,0.0,0.0,21,0,0.44686802193104874
2,1.6,2.0,0.0,0.0,21,0,0.4485164463388175
2,1.8,2.0,0.0,0.0,21,0,0.4567748355181423
2,2.0,2.0,0.0,0.0,21,0,0.46505705484178544
2,0.6,3.0,0.0,0.0,21,0,0.4675456936126812
2,0.8,3.0,0.0,0.0,21,0,0.45016600268752216
2,1.0,3.0,0.0,0.0,21,0,0.4329070950345456
2,1.2,3.0,0.0,0.0,21,0,0.4109595659413349
2,1.4,3.0,0.0,0.0,21,0,0.42067574785125045
2,1.6,3.0,0.0,0.0,21,0,0.42311473886795375
2,1.8,3.0,0.0,0.0,21,0,0.4353637081969708
2,2.0,3.0,0.0,0.0,21,0,0.4476920904256747
2,0.6,4.0,0.0,0.0,21,0,0.4567748355181423
2,0.8,4.0,0.0,0.0,21,0,0.4337256058045608
2,1.0,4.0,0.0,0.0,21,0,0.4109595659413348
2,1.2,4.0,0.0,0.0,21,0,0.382252125230751
2,1.4,4.0,0.0,0.0,21,0,0.39492258105826245
2,1.6,4.0,0.0,0.0,21,0,0.3981131203199435
2,1.8,4.0,0.0,0.0,21,0,0.4141909784350151
2,2.0,4.0,0.0,0.0,21,0,0.43045377606077095
2,0.6,5.0,0.0,0.0,21,0,0.446044245280393
2,0.8,5.0,0.0,0.0,21,0,0.4174297935376853
2,1.0,5.0,0.0,0.0,21,0,0.3893607660507781
2,1.2,5.0,0.0,0.0,21,0,0.35434369377420455
2,1.4,5.0,0.0,0.0,21,0,0.36973977708224876
2,1.6,5.0,0.0,0.0,21,0,0.37363200827185195
2,1.8,5.0,0.0,0.0,21,0,0.3933306438917885
2,2.0,5.0,0.0,0.0,21,0,0.4133824210826698
2,0.6,6.0,0.0,0.0,21,0,0.43536370819697084
2,0.8,6.0,0.0,0.0,21,0,0.401312339887548
2,1.0,6.0,0.0,0.0,21,0,0.36818758226389836
2,1.2,6.0,0.0,0.0,21,0,0.3273929829322395
2,1.4,6.0,0.0,0.0,21,0,0.34524653939368066
2,1.6,6.0,0.0,0.0,21,0,0.3497814514261731
2,1.8,6.0,0.0,0.0,21,0,0.37285223368680437
2,2.0,6.0,0.0,0.0,21,0,0.39651675013527377
2,0.6,7.0,0.0,0.0,21,0,0.4247428250543576
2,0.8,7.0,0.0,0.0,21,0,0.3854055017324505
2,1.0,7.0,0.0,0.0,21,0,0.34751053780725555
2,1.2,7.0,0.0,0.0,21,0,0.30153478399746114
2,1.4,7.0,0.0,0.0,21,0,0.3215480508579817
2,1.6,7.0,0.0,0.0,21,0,0.3266593829676409
2,1.8,7.0,0.0,0.0,21,0,0.3528199507665029
2,2.0,7.0,0.0,0.0,21,0,0.3798935676569097
2,0.6,8.0,0.0,0.0,21,0,0.4141909784350151
2,0.8,8.0,0.0,0.0,21,0,0.36973977708224864
2,1.0,8.0,0.0,0.0,21,0,0.32739298293223945
2,1.2,8.0,0.0,0.0,21,0,0.2768781948756102
2,1.4,8.0,0.0,0.0,21,0,0.29873408260613765
2,1.6,8.0,0.0,0.0,21,0,0.30435034694347884
2,1.8,8.0,0.0,0.0,21,0,0.33329196733387684
2,2.0,8.0,0.0,0.0,21,0,0.36354745971843355
3,0.6,1.0,0.04666666666666667,0.08333333333333333,21,0,0.5041665702187285
3,0.8,1.0,0.12,0.2,21,0,0.5183251216999564
3,1.0,1.0,0.28,0.36333333333333334,21,0,0.5390867524663957
3,1.2,1.0,0.48,0.5933333333333334,21,0,0.5711798826082736
3,1.4,1.0,0.6766666666666666,0.7433333333333333,21,0,0.5898470998958403
3,1.6,1.0,0.83,0.8633333333333333,21,0,0.6066693561082115
3,1.8,1.0,0.9166666666666666,0.9233333333333333,21,0,0.6169604483124169
3,2.0,1.0,0.9533333333333334,0.9533333333333334,21,0,0.6216756663298777
3,0.6,2.0,0.04666666666666667,0.08333333333333333,21,0,0.5083325618141193
3,0.8,2.0,0.12,0.2,21,0,0.5366010793535907
3,1.0,2.0,0.28,0.36333333333333334,21,0,0.5776986807676787
3,1.2,2.0,0.48,0.5933333333333334,21,0,0.6395319681072323
3,1.4,2.0,0.6766666666666666,0.7433333333333333,21,0,0.6740733697361547
3,1.6,2.0,0.83,0.8633333333333333,21,0,0.7040516276171624
3,1.8,2.0,0.9166666666666666,0.9233333333333333,21,0,0.7217850439377067
3,2.0,2.0,0.9533333333333334,0.9533333333333334,21,0,0.7297458151019794
3,0.6,3.0,0.04666666666666667,0.08333333333333333,21,0,0.5124973964842103
3,0.8,3.0,0.12,0.2,21,0,0.5547792351072148
3,1.0,3.0,0.28,0.36333333333333334,21,0,0.6153837563911821
3,1.2,3.0,0.48,0.5933333333333334,21,0,0.7026606543447315
3,1.4,3.0,0.6766666666666666,0.7433333333333333,21,0,0.7483817216070642
3,1.6,3.0,0.83,0.8633333333333333,21,0,0.7858349830425586
3,1.8,3.0,0.9166666666666666,0.9233333333333333,21,0,0.8069013157667836
3,2.0,3.0,0.9533333333333334,0.9533333333333334,21,0,0.8160782725804958
3,0.6,4.0,0.04666666666666667,0.08333333333333333,21,0,0.5166604965694114
3,0.8,4.0,0.12,0.2,21,0,0.5728119915700138
3,1.0,4.0,0.28,0.36333333333333334,21,0,0.6517332553012614
3,1.2,4.0,0.48,0.5933333333333334,21,0,0.7589015434364681
3,1.4,4.0,0.6766666666666666,0.7433333333333333,21,0,0.8105109071936242
3,1.6,4.0,0.83,0.8633333333333333,21,0,0.8498382937101527
3,1.8,4.0,0.9166666666666666,0.9233333333333333,21,0,0.8706442018540326
3,2.0,4.0,0.9533333333333334,0.9533333333333334,21,0,0.8793900404068328
3,0.6,5.0,0.04666666666666667,0.08333333333333333,21,0,0.5208212853727429
3,0.8,5.0,0.12,0.2,21,0,0.5906532827008858
3,1.0,5.0,0.28,0.36333333333333334,21,0,0.6863980785519272
3,1.2,5.0,0.48,0.5933333333333334,21,0,0.8074201564513485
3,1.4,5.0,0.6766666666666666,0.7433333333333333,21,0,0.8601656725479503
3,1.6,5.0,0.83,0.8633333333333333,21,0,0.8972159750827483
3,1.8,5.0,0.9166666666666666,0.9233333333333333,21,0,0.9155475257074139
3,2.0,5.0,0.9533333333333334,0.9533333333333334,21,0,0.9229651339114799
3,0.6,6.0,0.04666666666666667,0.08333333333333333,21,0,0.52497918747894
3,0.8,6.0,0.12,0.2,21,0,0.6082590307465144
3,1.0,6.0,0.28,0.36333333333333334,21,0,0.7190996574163839
3,1.2,6.0,0.48,0.5933333333333334,21,0,0.8481288363433408
3,1.4,6.0,0.6766666666666666,0.7433333333333333,21,0,0.8984390721023634
3,1.6,6.0,0.83,0.8633333333333333,21,0,0.9308615796566532
3,1.8,6.0,0.9166666666666666,0.9233333333333333,21,0,0.9458332995187639
3,2.0,6.0,0.9533333333333334,0.9533333333333334,21,0,0.9516623712800948
3,0.6,7.0,0.04666666666666667,0.08333333333333333,21,0,0.5291336290720469
3,0.8,7.0,0.12,0.2,21,0,0.6255875599432235
3,1.0,7.0,0.28,0.36333333333333334,21,0,0.7496350184608359
3,1.2,7.0,0.48,0.5933333333333334,21,0,0.8814952601897398
3,1.4,7.0,0.6766666666666666,0.7433333333333333,21,0,0.927124363403659
3,1.6,7.0,0.83,0.8633333333333333,21,0,0.9540575002521255
3,1.8,7.0,0.9166666666666666,0.9233333333333333,21,0,0.9656654948701334
3,2.0,7.0,0.9533333333333334,0.9533333333333334,21,0,0.9700165237143584
3,0.6,8.0,0.04666666666666667,0.08333333333333333,21,0,0.5332840382511312
3,0.8,8.0,0.12,0.2,21,0,0.6425999592827029
3,1.0,8.0,0.28,0.36333333333333334,21,0,0.7778763437357722
3,1.2,8.0,0.48,0.5933333333333334,21,0,0.9083234014578946
3,1.4,8.0,0.6766666666666666,0.7433333333333333,21,0,0.948175011823556
3,1.6,8.0,0.83,0.8633333333333333,21,0,0.9697243080130495
3,1.8,8.0,0.9166666666666666,0.9233333333333333,21,0,0.9784022836386128
3,2.0,8.0,0.9533333333333334,0.9533333333333334,21,0,0.981536680184294
4,0.6,1.0,0.0,0.0,21,0,0.5016666604938546
4,0.8,1.0,0.0,0.0,21,0,0.5166604965694115
4,1.0,1.0,0.0,0.0,21,0,0.5366010793535908
4,1.2,1.0,0.0,0.0,21,0,0.5703632448561156
4,1.4,1.0,0.0,0.0,21,0,0.5970848732418457
4,1.6,1.0,0.0,0.0,21,0,0.6098464124263923
4,1.8,1.0,0.0,0.0,21,0,0.6169604483124169
4,2.0,1.0,0.0,0.0,21,0,0.6216756663298777
4,0.6,2.0,0.0,0.0,21,0,0.5033332839514952
4,0.8,2.0,0.0,0.0,21,0,0.5332840382511312
4,1.0,2.0,0.0,0.0,21,0,0.5728119915700138
4,1.2,2.0,0.0,0.0,21,0,0.6379936706609838
4,1.4,2.0,0.0,0.0,21,0,0.6871151515389217
4,1.6,2.0,0.0,0.0,21,0,0.7095775762760541
4,1.8,2.0,0.0,0.0,21,0,0.7217850439377066
4,2.0,2.0,0.0,0.0,21,0,0.7297458151019794
4,0.6,3.0,0.0,0.0,21,0,0.5049998333399998
4,0.8,3.0,0.0,0.0,21,0,0.549833997312478
4,1.0,3.0,0.0,0.0,21,0,0.6082590307465143
4,1.2,3.0,0.0,0.0,21,0,0.7005671424739729
4,1.4,3.0,0.0,0.0,21,0,0.7649478037637647
4,1.6,3.0,0.0,0.0,21,0,0.7924899414403643
4,1.8,3.0,0.0,0.0,21,0,0.8069013157667835
4,2.0,3.0,0.0,0.0,21,0,0.8160782725804957
4,0.6,4.0,0.0,0.0,21,0,0.5066662716330296
4,0.8,4.0,0.0,0.0,21,0,0.5662743941954392
4,1.0,4.0,0.0,0.0,21,0,0.6425999592827027
4,1.2,4.0,0.0,0.0,21,0,0.7564535292304043
4,1.4,4.0,0.0,0.0,21,0,0.8282582822126531
4,1.6,4.0,0.0,0.0,21,0,0.8565181136966128
4,1.8,4.0,0.0,0.0,21,0,0.8706442018540326
4,2.0,4.0,0.0,0.0,21,0,0.8793900404068328
4,0.6,5.0,0.0,0.0,21,0,0.5083325618141193
4,0.8,5.0,0.0,0.0,21,0,0.5825702064623146
4,1.0,5.0,0.0,0.0,21,0,0.6755363229894542
4,1.2,5.0,0.0,0.0,21,0,0.8048153229861598
4,1.4,5.0,0.0,0.0,21,0,0.8772526294600783
4,1.6,5.0,0.0,0.0,21,0,0.9032031749460475
4,1.8,5.0,0.0,0.0,21,0,0.9155475257074139
4,2.0,5.0,0.0,0.0,21,0,0.9229651339114799
4,0.6,6.0,0.0,0.0,21,0,0.5099986668799655
4,0.8,6.0,0.0,0.0,21,0,0.598687660112452
4,1.0,6.0,0.0,0.0,21,0,0.7068222210935675
4,1.2,6.0,0.0,0.0,21,0,0.8455347349164654
4,1.4,6.0,0.0,0.0,21,0,0.9137258055040832
4,1.6,6.0,0.0,0.0,21,0,0.9358361235948262
4,1.8,6.0,0.0,0.0,21,0,0.9458332995187639
4,2.0,6.0,0.0,0.0,21,0,0.9516623712800948
4,0.6,7.0,0.0,0.0,21,0,0.5116645498437119
4,0.8,7.0,0.0,0.0,21,0,0.6145944982675494
4,1.0,7.0,0.0,0.0,21,0,0.7362691494896232
4,1.2,7.0,0.0,0.0,21,0,0.8790360490745159
4,1.4,7.0,0.0,0.0,21,0,0.9401013281535021
4,1.6,7.0,0.0,0.0,21,0,0.9579794147448828
4,1.8,7.0,0.0,0.0,21,0,0.9656654948701334
4,2.0,7.0,0.0,0.0,21,0,0.9700165237143585
4,0.6,8.0,0.0,0.0,21,0,0.5133301737382324
4,0.8,8.0,0.0,0.0,21,0,0.6302602229177513
4,1.0,8.0,0.0,0.0,21,0,0.7637470028054562
4,1.2,8.0,0.0,0.0,21,0,0.9060785039807289
4,1.4,8.0,0.0,0.0,21,0,0.9587771780826171
4,1.6,8.0,0.0,0.0,21,0,0.9727038322642967
4,1.8,8.0,0.0,0.0,21,0,0.9784022836386128
4,2.0,8.0,0.0,0.0,21,0,0.981536680184294
5,0.6,1.0,0.08333333333333333,0.29333333333333333,5,16,0.520821285372743
5,0.8,1.0,0.12,0.5433333333333333,5,16,0.5382584045560131
5,1.0,1.0,0.16333333333333333,0.71,5,16,0.542397940774351
5,1.2,1.0,0.17333333333333334,0.85,5,16,0.5374298453437495
5,1.4,1.0,0.16333333333333333,0.9233333333333333,5,16,0.5091656397985503
5,1.6,1.0,0.16,0.97,5,16,0.4925005624493796
5,1.8,1.0,0.14,0.9866666666666667,5,16,0.46339892064640925
5,2.0,1.0,0.11333333333333333,0.9966666666666667,5,16,0.446044245280393
5,0.6,2.0,0.08333333333333333,0.29333333333333333,5,16,0.5415704832167999
5,0.8,2.0,0.12,0.5433333333333333,5,16,0.5760714244567121
5,1.0,2.0,0.16333333333333333,0.71,5,16,0.5841905229354073
5,1.2,2.0,0.17333333333333334,0.85,5,16,0.5744425168116589
5,1.4,2.0,0.16333333333333333,0.9233333333333333,5,16,0.5183251216999564
5,1.6,2.0,0.16,0.97,5,16,0.48500449838058995
5,1.8,2.0,0.14,0.9866666666666667,5,16,0.42718800842998617
5,2.0,2.0,0.11333333333333333,0.9966666666666667,5,16,0.3933306438917886
5,0.6,3.0,0.08333333333333333,0.29333333333333333,5,16,0.5621765008857981
5,0.8,3.0,0.12,0.5433333333333333,5,16,0.6130141761393355
5,1.0,3.0,0.16333333333333333,0.71,5,16,0.6248064744684293
5,1.2,3.0,0.17333333333333334,0.85,5,16,0.6106392339492219
5,1.4,3.0,0.16333333333333333,0.9233333333333333,5,16,0.5274723043445938
5,1.6,3.0,0.16,0.97,5,16,0.47751517520819975
5,1.8,3.0,0.14,0.9866666666666667,5,16,0.3917409692534856
5,2.0,3.0,0.11333333333333333,0.9966666666666667,5,16,0.3429895373265011
5,0.6,4.0,0.08333333333333333,0.29333333333333333,5,16,0.5825702064623147
5,0.8,4.0,0.12,0.5433333333333333,5,16,0.6487008049890769
5,1.0,4.0,0.16333333333333333,0.71,5,16,0.6637386974043527
5,1.2,4.0,0.17333333333333334,0.85,5,16,0.6456563062257954
5,1.4,4.0,0.16333333333333333,0.9233333333333333,5,16,0.5366010793535907
5,1.6,4.0,0.16,0.97,5,16,0.4700359482354282
5,1.8,4.0,0.14,0.9866666666666667,5,16,0.35740004071729725
5,2.0,4.0,0.11333333333333333,0.9966666666666667,5,16,0.29594837238283755
5,0.6,5.0,0.08333333333333333,0.29333333333333333,5,16,0.6026853379784917
5,0.8,5.0,0.12,0.5433333333333333,5,16,0.6827993860934125
5,1.0,5.0,0.16333333333333333,0.71,5,16,0.700567142473973
5,1.2,5.0,0.17333333333333334,0.85,5,16,0.6791786991753931
5,1.4,5.0,0.16333333333333333,0.9233333333333333,5,16,0.5457053875844058
5,1.6,5.0,0.16,0.97,5,16,0.4625701546562505
5,1.8,5.0,0.14,0.9866666666666667,5,16,0.32446367701054585
5,2.0,5.0,0.11333333333333333,0.9966666666666667,5,16,0.2528757327293305
5,0.6,6.0,0.08333333333333333,0.29333333333333333,5,16,0.6224593312018546
5,0.8,6.0,0.12,0.5433333333333333,5,16,0.7150421057009897
5,1.0,6.0,0.16333333333333333,0.71,5,16,0.7349725994665188
5,1.2,6.0,0.17333333333333334,0.85,5,16,0.710949502625004
5,1.4,6.0,0.16333333333333333,0.9233333333333333,5,16,0.5547792351072148
5,1.6,6.0,0.16,0.97,5,16,0.4551211076264198
5,1.8,6.0,0.14,0.9866666666666667,5,16,0.29317777890643243
5,2.0,6.0,0.11333333333333333,0.9966666666666667,5,16,0.21416501695744125
5,0.6,7.0,0.08333333333333333,0.29333333333333333,5,16,0.641834045088731
5,0.8,7.0,0.12,0.5433333333333333,5,16,0.745230306652088
5,1.0,7.0,0.16333333333333333,0.71,5,16,0.7667410642285428
5,1.2,7.0,0.17333333333333334,0.85,5,16,0.7407748991821539
5,1.4,7.0,0.16333333333333333,0.9233333333333333,5,16,0.5638167088132782
5,1.6,7.0,0.16,0.97,5,16,0.44769209042567465
5,1.8,7.0,0.14,0.9866666666666667,5,16,0.2637308505103769
5,2.0,7.0,0.11333333333333333,0.9966666666666667,5,16,0.179952894242358
5,0.6,8.0,0.08333333333333333,0.29333333333333333,5,16,0.6607563687658172
5,0.8,8.0,0.12,0.5433333333333333,5,16,0.7732346305333879
5,1.0,8.0,0.16333333333333333,0.71,5,16,0.7957596977159082
5,1.2,8.0,0.17333333333333334,0.85,5,16,0.7685247834990176
5,1.4,8.0,0.16333333333333333,0.9233333333333333,5,16,0.5728119915700138
5,1.6,8.0,0.16,0.97,5,16,0.440286350732807
5,1.8,8.0,0.14,0.9866666666666667,5,16,0.23625299719454385
5,2.0,8.0,0.11333333333333333,0.9966666666666667,5,16,0.1501617062898473
6,0.6,1.0,0.0,0.0,5,16,0.5199893401555817
6,0.8,1.0,0.0,0.0,5,16,0.5316243949817685
6,1.0,1.0,0.0,0.0,5,16,0.538258404556013
6,1.2,1.0,0.0,0.0,5,16,0.5349429451582145
6,1.4,1.0,0.0,0.0,5,16,0.51499550161941
6,1.6,1.0,0.0,0.0,5,16,0.4891683615644526
6,1.8,1.0,0.0,0.0,5,16,0.4675456936126812
6,2.0,1.0,0.0,0.0,5,16,0.45099119424114104
6,0.6,2.0,0.0,0.0,5,16,0.5399148845555656
6,0.8,2.0,0.0,0.0,5,16,0.5629967770624005
6,1.0,2.0,0.0,0.0,5,16,0.5760714244567121
6,1.2,2.0,0.0,0.0,5,16,0.569546223939229
6,1.4,2.0,0.0,0.0,5,16,0.5299640517645717
6,1.6,2.0,0.0,0.0,5,16,0.47834688488309973
6,1.8,2.0,0.0,0.0,5,16,0.43536370819697084
6,2.0,2.0,0.0,0.0,5,16,0.4029151267581544
6,0.6,3.0,0.0,0.0,5,16,0.5597136492671929
6,0.8,3.0,0.0,0.0,5,16,0.5938731029341427
6,1.0,3.0,0.0,0.0,5,16,0.6130141761393355
6,1.2,3.0,0.0,0.0,5,16,0.6034832498647262
6,1.4,3.0,0.0,0.0,5,16,0.5448788923735801
6,1.6,3.0,0.0,0.0,5,16,0.4675456936126812
6,1.8,3.0,0.0,0.0,5,16,0.4037173007032121
6,2.0,3.0,0.0,0.0,5,16,0.35663485430559816
6,0.6,4.0,0.0,0.0,5,16,0.5793242521487495
6,0.8,4.0,0.0,0.0,5,16,0.6240247388269247
6,1.0,4.0,0.0,0.0,5,16,0.6487008049890769
6,1.2,4.0,0.0,0.0,5,16,0.6364525402815664
6,1.4,4.0,0.0,0.0,5,16,0.5597136492671929
6,1.6,4.0,0.0,0.0,5,16,0.4567748355181423
6,1.8,4.0,0.0,0.0,5,16,0.37285223368680437
6,2.0,4.0,0.0,0.0,5,16,0.31288484846107845
6,0.6,5.0,0.0,0.0,5,16,0.598687660112452
6,0.8,5.0,0.0,0.0,5,16,0.6532449007182834
6,1.0,5.0,0.0,0.0,5,16,0.6827993860934125
6,1.2,5.0,0.0,0.0,5,16,0.6681877721681662
6,1.4,5.0,0.0,0.0,5,16,0.5744425168116589
6,1.6,5.0,0.0,0.0,5,16,0.44604424528039305
6,1.8,5.0,0.0,0.0,5,16,0.3429895373265013
6,2.0,5.0,0.0,0.0,5,16,0.27223087840063315
6,0.6,6.0,0.0,0.0,5,16,0.617747874769249
6,0.8,6.0,0.0,0.0,5,16,0.6813537337890255
6,1.0,6.0,0.0,0.0,5,16,0.7150421057009897
6,1.2,6.0,0.0,0.0,5,16,0.6984652160025387
6,1.4,6.0,0.0,0.0,5,16,0.5890404340586652
6,1.6,6.0,0.0,0.0,5,16,0.43536370819697073
6,1.8,6.0,0.0,0.0,5,16,0.3143198860617461
6,2.0,6.0,0.0,0.0,5,16,0.2350521962362352
6,0.6,7.0,0.0,0.0,5,16,0.6364525402815663
6,0.8,7.0,0.0,0.0,5,16,0.7082018109108575
6,1.0,7.0,0.0,0.0,5,16,0.745230306652088
6,1.2,7.0,0.0,0.0,5,16,0.7271082163411295
6,1.4,7.0,0.0,0.0,5,16,0.6034832498647262
6,1.6,7.0,0.0,0.0,5,16,0.42474282505435745
6,1.8,7.0,0.0,0.0,5,16,0.2869998372477183
6,2.0,7.0,0.0,0.0,5,16,0.20154488127275008
6,0.6,8.0,0.0,0.0,5,16,0.6547534606063192
6,0.8,8.0,0.0,0.0,5,16,0.7336719810356636
6,1.0,8.0,0.0,0.0,5,16,0.7732346305333879
6,1.2,8.0,0.0,0.0,5,16,0.753988716448948
6,1.4,8.0,0.0,0.0,5,16,0.617747874769249
6,1.6,8.0,0.0,0.0,5,16,0.41419097843501507
6,1.8,8.0,0.0,0.0,5,16,0.261149993915751
6,2.0,8.0,0.0,0.0,5,16,0.17174171778734698
7,0.6,1.0,0.006666666666666667,0.07333333333333333,4,17,0.5116645498437119
7,0.8,1.0,0.01,0.23,4,17,0.5316243949817686
7,1.0,1.0,0.013333333333333334,0.44333333333333336,4,17,0.5514835536611826
7,1.2,1.0,0.01,0.6666666666666666,4,17,0.5638167088132781
7,1.4,1.0,0.016666666666666666,0.8266666666666667,4,17,0.5662743941954392
7,1.6,1.0,0.013333333333333334,0.9133333333333333,4,17,0.5719961329315186
7,1.8,1.0,0.01,0.97,4,17,0.5728119915700138
7,2.0,1.0,0.0033333333333333335,0.9866666666666667,4,17,0.5719961329315186
7,0.6,2.0,0.006666666666666667,0.07333333333333333,4,17,0.5233164098038501
7,0.8,2.0,0.01,0.23,4,17,0.5629967770624005
7,1.0,2.0,0.013333333333333334,0.44333333333333336,4,17,0.6018868796800566
7,1.2,2.0,0.01,0.6666666666666666,4,17,0.6255875599432235
7,1.4,2.0,0.016666666666666666,0.8266666666666667,4,17,0.6302602229177513
7,1.6,2.0,0.013333333333333334,0.9133333333333333,4,17,0.641067406334817
7,1.8,2.0,0.01,0.97,4,17,0.6425999592827029
7,2.0,2.0,0.0033333333333333335,0.9866666666666667,4,17,0.6410674063348171
7,0.6,3.0,0.006666666666666667,0.07333333333333333,4,17,0.5349429451582145
7,0.8,3.0,0.01,0.23,4,17,0.5938731029341427
7,1.0,3.0,0.013333333333333334,0.44333333333333336,4,17,0.6502185485738271
7,1.2,3.0,0.01,0.6666666666666666,4,17,0.6835208937363156
7,1.4,3.0,0.016666666666666666,0.8266666666666667,4,17,0.6899744811276125
7,1.6,3.0,0.013333333333333334,0.9133333333333333,4,17,0.704745697998091
7,1.8,3.0,0.01,0.97,4,17,0.7068222210935676
7,2.0,3.0,0.0033333333333333335,0.9866666666666667,4,17,0.7047456979980911
7,0.6,4.0,0.006666666666666667,0.07333333333333333,4,17,0.5465316309986
7,0.8,4.0,0.01,0.23,4,17,0.6240247388269247
7,1.0,4.0,0.013333333333333334,0.44333333333333336,4,17,0.6956496530565213
7,1.2,4.0,0.01,0.6666666666666666,4,17,0.7362691494896231
7,1.4,4.0,0.016666666666666666,0.8266666666666667,4,17,0.743962491324758
7,1.6,4.0,0.013333333333333334,0.9133333333333333,4,17,0.7613327148429104
7,1.8,4.0,0.01,0.97,4,17,0.7637470028054563
7,2.0,4.0,0.0033333333333333335,0.9866666666666667,4,17,0.7613327148429104
7,0.6,5.0,0.006666666666666667,0.07333333333333333,4,17,0.5580701058739532
7,0.8,5.0,0.01,0.23,4,17,0.6532449007182833
7,1.0,5.0,0.013333333333333334,0.44333333333333336,4,17,0.7375616214876249
7,1.2,5.0,0.01,0.6666666666666666,4,17,0.7830166492671986
7,1.4,5.0,0.016666666666666666,0.8266666666666667,4,17,0.7913914726739552
7,1.6,5.0,0.013333333333333334,0.9133333333333333,4,17,0.809998433984687
7,1.8,5.0,0.01,0.97,4,17,0.8125502070042587
7,2.0,5.0,0.0033333333333333335,0.9866666666666667,4,17,0.809998433984687
7,0.6,6.0,0.006666666666666667,0.07333333333333333,4,17,0.569546223939229
7,0.8,6.0,0.01,0.23,4,17,0.6813537337890255
7,1.0,6.0,0.013333333333333334,0.44333333333333336,4,17,0.7755640142690734
7,1.2,6.0,0.01,0.6666666666666666,4,17,0.8234647252208833
7,1.4,6.0,0.016666666666666666,0.8266666666666667,4,17,0.8320183851339245
7,1.6,6.0,0.013333333333333334,0.9133333333333333,4,17,0.8506870654691562
7,1.8,6.0,0.01,0.97,4,17,0.8532096601986177
7,2.0,6.0,0.0033333333333333335,0.9866666666666667,4,17,0.8506870654691563
7,0.6,7.0,0.006666666666666667,0.07333333333333333,4,17,0.5809481051484585
7,0.8,7.0,0.01,0.23,4,17,0.7082018109108575
7,1.0,7.0,0.013333333333333334,0.44333333333333336,4,17,0.8094849005752482
7,1.2,7.0,0.01,0.6666666666666666,4,17,0.8577426860157893
7,1.4,7.0,0.016666666666666666,0.8266666666666667,4,17,0.8660721116759263
7,1.6,7.0,0.013333333333333334,0.9133333333333333,4,17,0.8839110779310051
7,1.8,7.0,0.01,0.97,4,17,0.8862840004416773
7,2.0,7.0,0.0033333333333333335,0.9866666666666667,4,17,0.8839110779310052
7,0.6,8.0,0.006666666666666667,0.07333333333333333,4,17,0.5922641830607914
7,0.8,8.0,0.01,0.23,4,17,0.7336719810356634
7,1.0,8.0,0.013333333333333334,0.44333333333333336,4,17,0.8393410511891167
7,1.2,8.0,0.01,0.6666666666666666,4,17,0.8862840004416773
7,1.4,8.0,0.016666666666666666,0.8266666666666667,4,17,0.8941010377640821
7,1.6,8.0,0.013333333333333334,0.9133333333333333,4,17,0.9105199406664386
7,1.8,8.0,0.01,0.97,4,17,0.9126689115327974
7,2.0,8.0,0.0033333333333333335,0.9866666666666667,4,17,0.9105199406664386
8,0.6,1.0,0.0,0.0,4,17,0.5199893401555817
8,0.8,1.0,0.0,0.0,4,17,0.5390867524663957
8,1.0,1.0,0.0,0.0,4,17,0.5531319780689513
8,1.2,1.0,0.0,0.0,4,17,0.5662743941954392
8,1.4,1.0,0.0,0.0,4,17,0.5679110497092322
8,1.6,1.0,0.0,0.0,4,17,0.5752571749456424
8,1.8,1.0,0.0,0.0,4,17,0.5719961329315186
8,2.0,1.0,0.0,0.0,4,17,0.5687288241300607
8,0.6,2.0,0.0,0.0,4,17,0.5399148845555657
8,0.8,2.0,0.0,0.0,4,17,0.5776986807676786
8,1.0,2.0,0.0,0.0,4,17,0.6050774189417375
8,1.2,2.0,0.0,0.0,4,17,0.6302602229177513
8,1.4,2.0,0.0,0.0,4,17,0.633361886978954
8,1.6,2.0,0.0,0.0,4,17,0.647180049233497
8,1.8,2.0,0.0,0.0,4,17,0.6410674063348171
8,2.0,2.0,0.0,0.0,4,17,0.6349086034775155
8,0.6,3.0,0.0,0.0,4,17,0.559713649267193
8,0.8,3.0,0.0,0.0,4,17,0.6153837563911821
8,1.0,3.0,0.0,0.0,4,17,0.6547534606063192
8,1.2,3.0,0.0,0.0,4,17,0.6899744811276125
8,1.4,3.0,0.0,0.0,4,17,0.6942363401080305
8,1.6,3.0,0.0,0.0,4,17,0.7130001627522816
8,1.8,3.0,0.0,0.0,4,17,0.7047456979980911
8,2.0,3.0,0.0,0.0,4,17,0.6963549298238342
8,0.6,4.0,0.0,0.0,4,17,0.5793242521487495
8,0.8,4.0,0.0,0.0,4,17,0.6517332553012614
8,1.0,4.0,0.0,0.0,4,17,0.7012659173938622
8,1.2,4.0,0.0,0.0,4,17,0.743962491324758
8,1.4,4.0,0.0,0.0,4,17,0.7490088901702329
8,1.6,4.0,0.0,0.0,4,17,0.7708882125038247
8,1.8,4.0,0.0,0.0,4,17,0.7613327148429104
8,2.0,4.0,0.0,0.0,4,17,0.751507152932089
8,0.6,5.0,0.0,0.0,4,17,0.598687660112452
8,0.8,5.0,0.0,0.0,4,17,0.6863980785519274
8,1.0,5.0,0.0,0.0,4,17,0.743962491324758
8,1.2,5.0,0.0,0.0,4,17,0.791391472673955
8,1.4,5.0,0.0,0.0,4,17,0.7968410695441766
8,1.6,5.0,0.0,0.0,4,17,0.820047105757642
8,1.8,5.0,0.0,0.0,4,17,0.8099984339846871
8,2.0,5.0,0.0,0.0,4,17,0.7995258146778352
8,0.6,6.0,0.0,0.0,4,17,0.617747874769249
8,0.8,6.0,0.0,0.0,4,17,0.7190996574163839
8,1.0,6.0,0.0,0.0,4,17,0.7824497764231125
8,1.2,6.0,0.0,0.0,4,17,0.8320183851339246
8,1.4,6.0,0.0,0.0,4,17,0.8375349374193038
8,1.6,6.0,0.0,0.0,4,17,0.8605661270383498
8,1.8,6.0,0.0,0.0,4,17,0.8506870654691563
8,2.0,6.0,0.0,0.0,4,17,0.840238003056331
8,0.6,7.0,0.0,0.0,4,17,0.6364525402815663
8,0.8,7.0,0.0,0.0,4,17,0.7496350184608361
8,1.0,7.0,0.0,0.0,4,17,0.8165780606292604
8,1.2,7.0,0.0,0.0,4,17,0.8660721116759263
8,1.4,7.0,0.0,0.0,4,17,0.8713931675855955
8,1.6,7.0,0.0,0.0,4,17,0.8931504557115193
8,1.8,7.0,0.0,0.0,4,17,0.8839110779310052
8,2.0,7.0,0.0,0.0,4,17,0.8739854847169396
8,0.6,8.0,0.0,0.0,4,17,0.6547534606063192
8,0.8,8.0,0.0,0.0,4,17,0.7778763437357722
8,1.0,8.0,0.0,0.0,4,17,0.8464034355704978
8,1.2,8.0,0.0,0.0,4,17,0.894101037764082
8,1.4,8.0,0.0,0.0,4,17,0.8990457670210917
8,1.6,8.0,0.0,0.0,4,17,0.9188382979813763
8,1.8,8.0,0.0,0.0,4,17,0.9105199406664386
8,2.0,8.0,0.0,0.0,4,17,0.9014404751852454
9,0.6,1.0,0.04666666666666667,0.17333333333333334,0,21,0.5066662716330296
9,0.8,1.0,0.11666666666666667,0.33,0,21,0.5016666604938546
9,1.0,1.0,0.16,0.5066666666666667,0,21,0.5041665702187286
9,1.2,1.0,0.17666666666666667,0.6766666666666666,0,21,0.49250056244937956
9,1.4,1.0,0.17,0.81,0,21,0.48333950343058857
9,1.6,1.0,0.17333333333333334,0.88,0,21,0.4542946124155941
9,1.8,1.0,0.14333333333333334,0.9333333333333333,0,21,0.446044245280393
9,2.0,1.0,0.11333333333333333,0.96,0,21,0.446044245280393
9,0.6,2.0,0.04666666666666667,0.17333333333333334,0,21,0.5133301737382323
9,0.8,2.0,0.11666666666666667,0.33,0,21,0.5033332839514952
9,1.0,2.0,0.16,0.5066666666666667,0,21,0.5083325618141192
9,1.2,2.0,0.17666666666666667,0.6766666666666666,0,21,0.48500449838058984
9,1.4,2.0,0.17,0.81,0,21,0.4667159617488687
9,1.6,2.0,0.17333333333333334,0.88,0,21,0.40934671729911415
9,1.8,2.0,0.14333333333333334,0.9333333333333333,0,21,0.39333064389178857
9,2.0,2.0,0.11333333333333333,0.96,0,21,0.39333064389178857
9,0.6,3.0,0.04666666666666667,0.17333333333333334,0,21,0.5199893401555818
9,0.8,3.0,0.11666666666666667,0.33,0,21,0.5049998333399996
9,1.0,3.0,0.16,0.5066666666666667,0,21,0.5124973964842103
9,1.2,3.0,0.17666666666666667,0.6766666666666666,0,21,0.47751517520819986
9,1.4,3.0,0.17,0.81,0,21,0.450166002687522
9,1.6,3.0,0.17333333333333334,0.88,0,21,0.36586440898919925
9,1.8,3.0,0.14333333333333334,0.9333333333333333,0,21,0.3429895373265012
9,2.0,3.0,0.11333333333333333,0.96,0,21,0.34298953732650117
9,0.6,4.0,0.04666666666666667,0.17333333333333334,0,21,0.526641411450484
9,0.8,4.0,0.11666666666666667,0.33,0,21,0.5066662716330296
9,1.0,4.0,0.16,0.5066666666666667,0,21,0.5166604965694114
9,1.2,4.0,0.17666666666666667,0.6766666666666666,0,21,0.47003594823542827
9,1.4,4.0,0.17,0.81,0,21,0.4337256058045608
9,1.6,4.0,0.17333333333333334,0.88,0,21,0.3244636770105458
9,1.8,4.0,0.14333333333333334,0.9333333333333333,0,21,0.29594837238283755
9,2.0,4.0,0.11333333333333333,0.96,0,21,0.2959483723828376
9,0.6,5.0,0.04666666666666667,0.17333333333333334,0,21,0.5332840382511312
9,0.8,5.0,0.11666666666666667,0.33,0,21,0.5083325618141192
9,1.0,5.0,0.16,0.5066666666666667,0,21,0.520821285372743
9,1.2,5.0,0.17666666666666667,0.6766666666666666,0,21,0.4625701546562505
9,1.4,5.0,0.17,0.81,0,21,0.4174297935376854
9,1.6,5.0,0.17333333333333334,0.88,0,21,0.2856375705089441
9,1.8,5.0,0.14333333333333334,0.9333333333333333,0,21,0.2528757327293305
9,2.0,5.0,0.11333333333333333,0.96,0,21,0.25287573272933056
9,0.6,6.0,0.04666666666666667,0.17333333333333334,0,21,0.5399148845555657
9,0.8,6.0,0.11666666666666667,0.33,0,21,0.5099986668799655
9,1.0,6.0,0.16,0.5066666666666667,0,21,0.52497918747894
9,1.2,6.0,0.17666666666666667,0.6766666666666666,0,21,0.4551211076264199
9,1.4,6.0,0.17,0.81,0,21,0.40131233988754794
9,1.6,6.0,0.17333333333333334,0.88,0,21,0.24973989440488228
9,1.8,6.0,0.14333333333333334,0.9333333333333333,0,21,0.21416501695744142
9,2.0,6.0,0.11333333333333333,0.96,0,21,0.21416501695744128
9,0.6,7.0,0.04666666666666667,0.17333333333333334,0,21,0.5465316309986
9,0.8,7.0,0.11666666666666667,0.33,0,21,0.5116645498437118
9,1.0,7.0,0.16,0.5066666666666667,0,21,0.5291336290720469
9,1.2,7.0,0.17666666666666667,0.6766666666666666,0,21,0.44769209042567476
9,1.4,7.0,0.17,0.81,0,21,0.38540550173245053
9,1.6,7.0,0.17333333333333334,0.88,0,21,0.2169833507328015
9,1.8,7.0,0.14333333333333334,0.9333333333333333,0,21,0.17995289424235808
9,2.0,7.0,0.11333333333333333,0.96,0,21,0.17995289424235805
9,0.6,8.0,0.04666666666666667,0.17333333333333334,0,21,0.5531319780689512
9,0.8,8.0,0.11666666666666667,0.33,0,21,0.5133301737382323
9,1.0,8.0,0.16,0.5066666666666667,0,21,0.5332840382511312
9,1.2,8.0,0.17666666666666667,0.6766666666666666,0,21,0.44028635073280703
9,1.4,8.0,0.17,0.81,0,21,0.36973977708224876
9,1.6,8.0,0.17333333333333334,0.88,0,21,0.18744979299574122
9,1.8,8.0,0.14333333333333334,0.9333333333333333,0,21,0.1501617062898473
9,2.0,8.0,0.11333333333333333,0.96,0,21,0.1501617062898473
10,0.6,1.0,0.0,0.0,0,21,0.4891683615644527
10,0.8,1.0,0.0,0.0,0,21,0.4841719569829438
10,1.0,1.0,0.0,0.0,0,21,0.4841719569829438
10,1.2,1.0,0.0,0.0,0,21,0.46588641397664204
10,1.4,1.0,0.0,0.0,0,21,0.46422788888592115
10,1.6,1.0,0.0,0.0,0,21,0.4534683690013999
10,1.8,1.0,0.0,0.0,0,21,0.44522076489278517
10,2.0,1.0,0.0,0.0,0,21,0.44686802193104874
10,0.6,2.0,0.0,0.0,0,21,0.4783468848830998
10,0.8,2.0,0.0,0.0,0,21,0.4683756050182314
10,1.0,2.0,0.0,0.0,0,21,0.4683756050182314
10,1.2,2.0,0.0,0.0,0,21,0.4320889502907679
10,1.4,2.0,0.0,0.0,0,21,0.4288201173917265
10,1.6,2.0,0.0,0.0,0,21,0.4077358169392086
10,1.8,2.0,0.0,0.0,0,21,0.39174096925348556
10,2.0,2.0,0.0,0.0,0,21,0.39492258105826256
10,0.6,3.0,0.0,0.0,0,21,0.4675456936126812
10,0.8,3.0,0.0,0.0,0,21,0.4526423818569107
10,1.0,3.0,0.0,0.0,0,21,0.45264238185691075
10,1.2,3.0,0.0,0.0,0,21,0.39891212115163033
10,1.4,3.0,0.0,0.0,0,21,0.3941263315682395
10,1.6,3.0,0.0,0.0,0,21,0.3635474597184337
10,1.8,3.0,0.0,0.0,0,21,0.3407396115486146
10,2.0,3.0,0.0,0.0,0,21,0.34524653939368083
10,0.6,4.0,0.0,0.0,0,21,0.45677483551814224
10,0.8,4.0,0.0,0.0,0,21,0.43700322293759947
10,1.0,4.0,0.0,0.0,0,21,0.4370032229375996
10,1.2,4.0,0.0,0.0,0,21,0.3666381130210461
10,1.4,4.0,0.0,0.0,0,21,0.3604680318927677
10,1.6,4.0,0.0,0.0,0,21,0.3215480508579819
10,1.8,4.0,0.0,0.0,0,21,0.29317777890643243
10,2.0,4.0,0.0,0.0,0,21,0.29873408260613776
10,0.6,5.0,0.0,0.0,0,21,0.44604424528039294
10,0.8,5.0,0.0,0.0,0,21,0.4214883208314183
10,1.0,5.0,0.0,0.0,0,21,0.42148832083141835
10,1.2,5.0,0.0,0.0,0,21,0.3355177436521295
10,1.4,5.0,0.0,0.0,0,21,0.3281274275453745
10,1.6,5.0,0.0,0.0,0,21,0.28224894304225995
10,1.8,5.0,0.0,0.0,0,21,0.24973989440488245
10,2.0,5.0,0.0,0.0,0,21,0.2560375086752421
10,0.6,6.0,0.0,0.0,0,21,0.4353637081969708
10,0.8,6.0,0.0,0.0,0,21,0.40612689706585725
10,1.0,6.0,0.0,0.0,0,21,0.4061268970658573
10,1.2,6.0,0.0,0.0,0,21,0.3057636598919696
10,1.4,6.0,0.0,0.0,0,21,0.29733934565526865
10,1.6,6.0,0.0,0.0,0,21,0.2460112835510521
10,1.8,6.0,0.0,0.0,0,21,0.2108182934777471
10,2.0,6.0,0.0,0.0,0,21,0.2175502235768876
10,0.6,7.0,0.0,0.0,0,21,0.4247428250543576
10,0.8,7.0,0.0,0.0,0,21,0.3909469898992298
10,1.0,7.0,0.0,0.0,0,21,0.3909469898992298
10,1.2,7.0,0.0,0.0,0,21,0.277546079856467
10,1.4,7.0,0.0,0.0,0,21,0.2682865532418791
10,1.6,7.0,0.0,0.0,0,21,0.21304516597248946
10,1.8,7.0,0.0,0.0,0,21,0.1765352747791167
10,2.0,7.0,0.0,0.0,0,21,0.18342193937073953
10,0.6,8.0,0.0,0.0,0,21,0.4141909784350152
10,0.8,8.0,0.0,0.0,0,21,0.37597526117307534
10,1.0,8.0,0.0,0.0,0,21,0.37597526117307545
10,1.2,8.0,0.0,0.0,0,21,0.2509911098297672
10,1.4,8.0,0.0,0.0,0,21,0.24109845656353188
10,1.6,8.0,0.0,0.0,0,21,0.1834219393707395
10,1.8,8.0,0.0,0.0,0,21,0.1467903398013824
10,2.0,8.0,0.0,0.0,0,21,0.15359656442950223
11,0.6,1.0,0.0033333333333333335,0.10333333333333333,0,21,0.4941669313127521
11,0.8,1.0,0.016666666666666666,0.23333333333333334,0,21,0.5016666604938546
11,1.0,1.0,0.023333333333333334,0.42333333333333334,0,21,0.5233164098038501
11,1.2,1.0,0.02666666666666667,0.5833333333333334,0,21,0.54487889237358
11,1.4,1.0,0.02666666666666667,0.7533333333333333,0,21,0.5547792351072147
11,1.6,1.0,0.02666666666666667,0.8666666666666667,0,21,0.5662743941954391
11,1.8,1.0,0.02,0.93,0,21,0.5662743941954391
11,2.0,1.0,0.01,0.9533333333333334,0,21,0.5679110497092322
11,0.6,2.0,0.0033333333333333335,0.10333333333333333,0,21,0.4883354501562881
11,0.8,2.0,0.016666666666666666,0.23333333333333334,0,21,0.5033332839514951
11,1.0,2.0,0.023333333333333334,0.42333333333333334,0,21,0.5465316309986
11,1.2,2.0,0.02666666666666667,0.5833333333333334,0,21,0.5890404340586651
11,1.4,2.0,0.02666666666666667,0.7533333333333333,0,21,0.6082590307465143
11,1.6,2.0,0.02666666666666667,0.8666666666666667,0,21,0.6302602229177513
11,1.8,2.0,0.02,0.93,0,21,0.6302602229177513
11,2.0,2.0,0.01,0.9533333333333334,0,21,0.6333618869789539
11,0.6,3.0,0.0033333333333333335,0.10333333333333333,0,21,0.4825071423336103
11,0.8,3.0,0.016666666666666666,0.23333333333333334,0,21,0.5049998333399996
11,1.0,3.0,0.023333333333333334,0.42333333333333334,0,21,0.5695462239392289
11,1.2,3.0,0.02666666666666667,0.5833333333333334,0,21,0.6318124177361016
11,1.4,3.0,0.02666666666666667,0.7533333333333333,0,21,0.6592603884513853
11,1.6,3.0,0.02666666666666667,0.8666666666666667,0,21,0.6899744811276124
11,1.8,3.0,0.02,0.93,0,21,0.6899744811276124
11,2.0,3.0,0.01,0.9533333333333334,0,21,0.6942363401080305
11,0.6,4.0,0.0033333333333333335,0.10333333333333333,0,21,0.47668359019615
11,0.8,4.0,0.016666666666666666,0.23333333333333334,0,21,0.5066662716330295
11,1.0,4.0,0.023333333333333334,0.42333333333333334,0,21,0.5922641830607914
11,1.2,4.0,0.02666666666666667,0.5833333333333334,0,21,0.6726070170677604
11,1.4,4.0,0.02666666666666667,0.7533333333333333,0,21,0.7068222210935676
11,1.6,4.0,0.02666666666666667,0.8666666666666667,0,21,0.743962491324758
11,1.8,4.0,0.02,0.93,0,21,0.743962491324758
11,2.0,4.0,0.01,0.9533333333333334,0,21,0.7490088901702329
11,0.6,5.0,0.0033333333333333335,0.10333333333333333,0,21,0.47086637092795314
11,0.8,5.0,0.016666666666666666,0.23333333333333334,0,21,0.5083325618141192
11,1.0,5.0,0.023333333333333334,0.42333333333333334,0,21,0.6145944982675494
11,1.2,5.0,0.02666666666666667,0.5833333333333334,0,21,0.710949502625004
11,1.4,5.0,0.02666666666666667,0.7533333333333333,0,21,0.7502601055951176
11,1.6,5.0,0.02666666666666667,0.8666666666666667,0,21,0.7913914726739552
11,1.8,5.0,0.02,0.93,0,21,0.7913914726739552
11,2.0,5.0,0.01,0.9533333333333334,0,21,0.7968410695441767
11,0.6,6.0,0.0033333333333333335,0.10333333333333333,0,21,0.46505705484178544
11,0.8,6.0,0.016666666666666666,0.23333333333333334,0,21,0.5099986668799655
11,1.0,6.0,0.023333333333333334,0.42333333333333334,0,21,0.6364525402815664
11,1.2,6.0,0.02666666666666667,0.5833333333333334,0,21,0.7464939833376621
11,1.4,6.0,0.02666666666666667,0.7533333333333333,0,21,0.7891817065222527
11,1.6,6.0,0.02666666666666667,0.8666666666666667,0,21,0.8320183851339245
11,1.8,6.0,0.02,0.93,0,21,0.8320183851339245
11,2.0,6.0,0.01,0.9533333333333334,0,21,0.837534937419304
11,0.6,7.0,0.0033333333333333335,0.10333333333333333,0,21,0.45925720369105627
11,0.8,7.0,0.016666666666666666,0.23333333333333334,0,21,0.5116645498437118
11,1.0,7.0,0.023333333333333334,0.42333333333333334,0,21,0.6577612281002926
11,1.2,7.0,0.02666666666666667,0.5833333333333334,0,21,0.7790261077798121
11,1.4,7.0,0.02666666666666667,0.7533333333333333,0,21,0.8234647252208833
11,1.6,7.0,0.02666666666666667,0.8666666666666667,0,21,0.8660721116759262
11,1.8,7.0,0.02,0.93,0,21,0.8660721116759263
11,2.0,7.0,0.01,0.9533333333333334,0,21,0.8713931675855955
11,0.6,8.0,0.0033333333333333335,0.10333333333333333,0,21,0.4534683690014
11,0.8,8.0,0.016666666666666666,0.23333333333333334,0,21,0.5133301737382324
11,1.0,8.0,0.023333333333333334,0.42333333333333334,0,21,0.6784519491420181
11,1.2,8.0,0.02666666666666667,0.5833333333333334,0,21,0.8084546514385325
11,1.4,8.0,0.02666666666666667,0.7533333333333333,0,21,0.8532096601986177
11,1.6,8.0,0.02666666666666667,0.8666666666666667,0,21,0.8941010377640821
11,1.8,8.0,0.02,0.93,0,21,0.8941010377640821
11,2.0,8.0,0.01,0.9533333333333334,0,21,0.8990457670210917
12,0.6,1.0,0.0,0.0,0,21,0.49083436020144966
12,0.8,1.0,0.0,0.0,0,21,0.49250056244937956
12,1.0,1.0,0.0,0.0,0,21,0.4925005624493796
12,1.2,1.0,0.0,0.0,0,21,0.514162876988508
12,1.4,1.0,0.0,0.0,0,21,0.5283030450758287
12,1.6,1.0,0.0,0.0,0,21,0.5465316309986
12,1.8,1.0,0.0,0.0,0,21,0.5506589147612587
12,2.0,1.0,0.0,0.0,0,21,0.5556024148191651
12,0.6,2.0,0.0,0.0,0,21,0.48167487830004374
12,0.8,2.0,0.0,0.0,0,21,0.48500449838058995
12,1.0,2.0,0.0,0.0,0,21,0.48500449838058995
12,1.2,2.0,0.0,0.0,0,21,0.5283030450758287
12,1.4,2.0,0.0,0.0,0,21,0.55642528944941
12,1.6,2.0,0.0,0.0,0,21,0.5922641830607914
12,1.8,2.0,0.0,0.0,0,21,0.6002883393736856
12,2.0,2.0,0.0,0.0,0,21,0.6098464124263923
12,0.6,3.0,0.0,0.0,0,21,0.47252769565540625
12,0.8,3.0,0.0,0.0,0,21,0.4775151752081999
12,1.0,3.0,0.0,0.0,0,21,0.47751517520819986
12,1.2,3.0,0.0,0.0,0,21,0.542397940774351
12,1.4,3.0,0.0,0.0,0,21,0.5841905229354073
12,1.6,3.0,0.0,0.0,0,21,0.6364525402815664
12,1.8,3.0,0.0,0.0,0,21,0.6479408020806502
12,2.0,3.0,0.0,0.0,0,21,0.6615031592029524
12,0.6,4.0,0.0,0.0,0,21,0.4633989206464093
12,0.8,4.0,0.0,0.0,0,21,0.47003594823542827
12,1.0,4.0,0.0,0.0,0,21,0.47003594823542816
12,1.2,4.0,0.0,0.0,0,21,0.55642528944941
12,1.4,4.0,0.0,0.0,0,21,0.6114314709070726
12,1.6,4.0,0.0,0.0,0,21,0.6784519491420181
12,1.8,4.0,0.0,0.0,0,21,0.6928193622042029
12,2.0,4.0,0.0,0.0,0,21,0.7095775762760542
12,0.6,5.0,0.0,0.0,0,21,0.4542946124155941
12,0.8,5.0,0.0,0.0,0,21,0.46257015465625045
12,1.0,5.0,0.0,0.0,0,21,0.4625701546562504
12,1.2,5.0,0.0,0.0,0,21,0.5703632448561154
12,1.4,5.0,0.0,0.0,0,21,0.6379936706609838
12,1.6,5.0,0.0,0.0,0,21,0.71775105695774
12,1.8,5.0,0.0,0.0,0,21,0.7343227981915376
12,2.0,5.0,0.0,0.0,0,21,0.7533698940024801
12,0.6,6.0,0.0,0.0,0,21,0.4452207648927852
12,0.8,6.0,0.0,0.0,0,21,0.45512110762641994
12,1.0,6.0,0.0,0.0,0,21,0.4551211076264199
12,1.2,6.0,0.0,0.0,0,21,0.5841905229354074
12,1.4,6.0,0.0,0.0,0,21,0.6637386974043527
12,1.6,6.0,0.0,0.0,0,21,0.7539887164489482
12,1.8,6.0,0.0,0.0,0,21,0.7720635494267836
12,2.0,6.0,0.0,0.0,0,21,0.7924899414403644
12,0.6,7.0,0.0,0.0,0,21,0.436183291186722
12,0.8,7.0,0.0,0.0,0,21,0.4476920904256748
12,1.0,7.0,0.0,0.0,0,21,0.44769209042567465
12,1.2,7.0,0.0,0.0,0,21,0.5978865281623101
12,1.4,7.0,0.0,0.0,0,21,0.6885466133829796
12,1.6,7.0,0.0,0.0,0,21,0.7869548340275105
12,1.8,7.0,0.0,0.0,0,21,0.8058604461108697
12,2.0,7.0,0.0,0.0,0,21,0.8268311444058107
12,0.6,8.0,0.0,0.0,0,21,0.4271880084299862
12,0.8,8.0,0.0,0.0,0,21,0.44028635073280714
12,1.0,8.0,0.0,0.0,0,21,0.4402863507328069
12,1.2,8.0,0.0,0.0,0,21,0.6114314709070727
12,1.4,8.0,0.0,0.0,0,21,0.712317575644865
12,1.6,8.0,0.0,0.0,0,21,0.8165780606292604
12,1.8,8.0,0.0,0.0,0,21,0.8357124936923813
12,2.0,8.0,0.0,0.0,0,21,0.8565181136966128
13,0.6,1.0,0.16666666666666666,0.31333333333333335,17,4,0.5116645498437119
13,0.8,1.0,0.3933333333333333,0.5966666666666667,17,4,0.5133301737382324
13,1.0,1.0,0.6733333333333333,0.8166666666666667,17,4,0.5016666604938546
13,1.2,1.0,0.8466666666666667,0.91,17,4,0.4925005624493796
13,1.4,1.0,0.9466666666666667,0.9833333333333333,17,4,0.4866698262617676
13,1.6,1.0,0.9833333333333333,0.99,17,4,0.48001065984441826
13,1.8,1.0,0.9966666666666667,0.9966666666666667,17,4,0.4800106598444182
13,2.0,1.0,1.0,1.0,17,4,0.47917871462725703
13,0.6,2.0,0.16666666666666666,0.31333333333333335,17,4,0.5233164098038501
13,0.8,2.0,0.3933333333333333,0.5966666666666667,17,4,0.5266414114504839
13,1.0,2.0,0.6733333333333333,0.8166666666666667,17,4,0.5033332839514951
13,1.2,2.0,0.8466666666666667,0.91,17,4,0.48500449838058995
13,1.4,2.0,0.9466666666666667,0.9833333333333333,17,4,0.47335858854951607
13,1.6,2.0,0.9833333333333333,0.99,17,4,0.4600851154444343
13,1.8,2.0,0.9966666666666667,0.9966666666666667,17,4,0.4600851154444343
13,2.0,2.0,1.0,1.0,17,4,0.45842951678320015
13,0.6,3.0,0.16666666666666666,0.31333333333333335,17,4,0.5349429451582145
13,0.8,3.0,0.3933333333333333,0.5966666666666667,17,4,0.5399148845555658
13,1.0,3.0,0.6733333333333333,0.8166666666666667,17,4,0.5049998333399998
13,1.2,3.0,0.8466666666666667,0.91,17,4,0.4775151752081999
13,1.4,3.0,0.9466666666666667,0.9833333333333333,17,4,0.4600851154444343
13,1.6,3.0,0.9833333333333333,0.99,17,4,0.4402863507328071
13,1.8,3.0,0.9966666666666667,0.9966666666666667,17,4,0.44028635073280703
13,2.0,3.0,1.0,1.0,17,4,0.43782349911420193
13,0.6,4.0,0.16666666666666666,0.31333333333333335,17,4,0.5465316309986001
13,0.8,4.0,0.3933333333333333,0.5966666666666667,17,4,0.5531319780689513
13,1.0,4.0,0.6733333333333333,0.8166666666666667,17,4,0.5066662716330296
13,1.2,4.0,0.8466666666666667,0.91,17,4,0.47003594823542827
13,1.4,4.0,0.9466666666666667,0.9833333333333333,17,4,0.44686802193104874
13,1.6,4.0,0.9833333333333333,0.99,17,4,0.4206757478512506
13,1.8,4.0,0.9966666666666667,0.9966666666666667,17,4,0.4206757478512505
13,2.0,4.0,1.0,1.0,17,4,0.41742979353768533
13,0.6,5.0,0.16666666666666666,0.31333333333333335,17,4,0.5580701058739532
13,0.8,5.0,0.3933333333333333,0.5966666666666667,17,4,0.5662743941954392
13,1.0,5.0,0.6733333333333333,0.8166666666666667,17,4,0.5083325618141193
13,1.2,5.0,0.8466666666666667,0.91,17,4,0.46257015465625057
13,1.4,5.0,0.9466666666666667,0.9833333333333333,17,4,0.4337256058045607
13,1.6,5.0,0.9833333333333333,0.99,17,4,0.4013123398875481
13,1.8,5.0,0.9966666666666667,0.9966666666666667,17,4,0.40131233988754794
13,2.0,5.0,1.0,1.0,17,4,0.3973146620215083
13,0.6,6.0,0.16666666666666666,0.31333333333333335,17,4,0.569546223939229
13,0.8,6.0,0.3933333333333333,0.5966666666666667,17,4,0.5793242521487495
13,1.0,6.0,0.6733333333333333,0.8166666666666667,17,4,0.5099986668799654
13,1.2,6.0,0.8466666666666667,0.91,17,4,0.45512110762642
13,1.4,6.0,0.9466666666666667,0.9833333333333333,17,4,0.4206757478512506
13,1.6,6.0,0.9833333333333333,0.99,17,4,0.382252125230751
13,1.8,6.0,0.9966666666666667,0.9966666666666667,17,4,0.382252125230751
13,2.0,6.0,1.0,1.0,17,4,0.3775406687981456
13,0.6,7.0,0.16666666666666666,0.31333333333333335,17,4,0.5809481051484585
13,0.8,7.0,0.3933333333333333,0.5966666666666667,17,4,0.5922641830607915
13,1.0,7.0,0.6733333333333333,0.8166666666666667,17,4,0.5116645498437118
13,1.2,7.0,0.8466666666666667,0.91,17,4,0.44769209042567476
13,1.4,7.0,0.9466666666666667,0.9833333333333333,17,4,0.40773581693920863
13,1.6,7.0,0.9833333333333333,0.99,17,4,0.3635474597184336
13,1.8,7.0,0.9966666666666667,0.9966666666666667,17,4,0.36354745971843355
13,2.0,7.0,1.0,1.0,17,4,0.35816595491126907
13,0.6,8.0,0.16666666666666666,0.31333333333333335,17,4,0.5922641830607915
13,0.8,8.0,0.3933333333333333,0.5966666666666667,17,4,0.6050774189417375
13,1.0,8.0,0.6733333333333333,0.8166666666666667,17,4,0.5133301737382323
13,1.2,8.0,0.8466666666666667,0.91,17,4,0.4402863507328072
13,1.4,8.0,0.9466666666666667,0.9833333333333333,17,4,0.3949225810582625
13,1.6,8.0,0.9833333333333333,0.99,17,4,0.34524653939368083
13,1.8,8.0,0.9966666666666667,0.9966666666666667,17,4,0.3452465393936807
13,2.0,8.0,1.0,1.0,17,4,0.3392436312341829
14,0.6,1.0,0.0,0.0,17,4,0.51499550161941
14,0.8,1.0,0.0,0.0,17,4,0.5158280430170562
14,1.0,1.0,0.0,0.0,17,4,0.5116645498437119
14,1.2,1.0,0.0,0.0,17,4,0.505833068687248
14,1.4,1.0,0.0,0.0,17,4,0.4950001666600003
14,1.6,1.0,0.0,0.0,17,4,0.4916674381858807
14,1.8,1.0,0.0,0.0,17,4,0.49250056244937956
14,2.0,1.0,0.0,0.0,17,4,0.4925005624493796
14,0.6,2.0,0.0,0.0,17,4,0.5299640517645717
14,0.8,2.0,0.0,0.0,17,4,0.5316243949817686
14,1.0,2.0,0.0,0.0,17,4,0.5233164098038501
14,1.2,2.0,0.0,0.0,17,4,0.5116645498437118
14,1.4,2.0,0.0,0.0,17,4,0.4900013331200345
14,1.6,2.0,0.0,0.0,17,4,0.4833395034305885
14,1.8,2.0,0.0,0.0,17,4,0.4850044983805899
14,2.0,2.0,0.0,0.0,17,4,0.48500449838058995
14,0.6,3.0,0.0,0.0,17,4,0.5448788923735801
14,0.8,3.0,0.0,0.0,17,4,0.5473576181430893
14,1.0,3.0,0.0,0.0,17,4,0.5349429451582145
14,1.2,3.0,0.0,0.0,17,4,0.5174928576663897
14,1.4,3.0,0.0,0.0,17,4,0.48500449838058995
14,1.6,3.0,0.0,0.0,17,4,0.47502081252106004
14,1.8,3.0,0.0,0.0,17,4,0.47751517520819986
14,2.0,3.0,0.0,0.0,17,4,0.47751517520819997
14,0.6,4.0,0.0,0.0,17,4,0.5597136492671929
14,0.8,4.0,0.0,0.0,17,4,0.5629967770624005
14,1.0,4.0,0.0,0.0,17,4,0.5465316309986001
14,1.2,4.0,0.0,0.0,17,4,0.5233164098038501
14,1.4,4.0,0.0,0.0,17,4,0.48001065984441815
14,1.6,4.0,0.0,0.0,17,4,0.46671596174886876
14,1.8,4.0,0.0,0.0,17,4,0.4700359482354282
14,2.0,4.0,0.0,0.0,17,4,0.4700359482354283
14,0.6,5.0,0.0,0.0,17,4,0.574442516811659
14,0.8,5.0,0.0,0.0,17,4,0.5785116791685816
14,1.0,5.0,0.0,0.0,17,4,0.5580701058739534
14,1.2,5.0,0.0,0.0,17,4,0.5291336290720469
14,1.4,5.0,0.0,0.0,17,4,0.47502081252106
14,1.6,5.0,0.0,0.0,17,4,0.4584295167832002
14,1.8,5.0,0.0,0.0,17,4,0.46257015465625034
14,2.0,5.0,0.0,0.0,17,4,0.4625701546562504
14,0.6,6.0,0.0,0.0,17,4,0.5890404340586651
14,0.8,6.0,0.0,0.0,17,4,0.5938731029341426
14,1.0,6.0,0.0,0.0,17,4,0.5695462239392289
14,1.2,6.0,0.0,0.0,17,4,0.5349429451582144
14,1.4,6.0,0.0,0.0,17,4,0.47003594823542827
14,1.6,6.0,0.0,0.0,17,4,0.45016600268752205
14,1.8,6.0,0.0,0.0,17,4,0.45512110762642005
14,2.0,6.0,0.0,0.0,17,4,0.45512110762642016
14,0.6,7.0,0.0,0.0,17,4,0.6034832498647262
14,0.8,7.0,0.0,0.0,17,4,0.6090530101007702
14,1.0,7.0,0.0,0.0,17,4,0.5809481051484585
14,1.2,7.0,0.0,0.0,17,4,0.5407427963089436
14,1.4,7.0,0.0,0.0,17,4,0.4650570548417855
14,1.6,7.0,0.0,0.0,17,4,0.44192989412604666
14,1.8,7.0,0.0,0.0,17,4,0.4476920904256747
14,2.0,7.0,0.0,0.0,17,4,0.447692090425675
14,0.6,8.0,0.0,0.0,17,4,0.617747874769249
14,0.8,8.0,0.0,0.0,17,4,0.6240247388269247
14,1.0,8.0,0.0,0.0,17,4,0.5922641830607914
14,1.2,8.0,0.0,0.0,17,4,0.5465316309986
14,1.4,8.0,0.0,0.0,17,4,0.46008511544443426
14,1.6,8.0,0.0,0.0,17,4,0.4337256058045608
14,1.8,8.0,0.0,0.0,17,4,0.44028635073280703
14,2.0,8.0,0.0,0.0,17,4,0.4402863507328072
15,0.6,1.0,0.13666666666666666,0.3333333333333333,16,5,0.5166604965694114
15,0.8,1.0,0.3433333333333333,0.6066666666666667,16,5,0.5316243949817686
15,1.0,1.0,0.61,0.8066666666666666,16,5,0.5407427963089437
15,1.2,1.0,0.8266666666666667,0.9233333333333333,16,5,0.5448788923735801
15,1.4,1.0,0.9266666666666666,0.9766666666666667,16,5,0.542397940774351
15,1.6,1.0,0.99,0.9833333333333333,16,5,0.5407427963089437
15,1.8,1.0,1.0,0.9966666666666667,16,5,0.5399148845555657
15,2.0,1.0,1.0,1.0,16,5,0.5366010793535907
15,0.6,2.0,0.13666666666666666,0.3333333333333333,16,5,0.5332840382511312
15,0.8,2.0,0.3433333333333333,0.6066666666666667,16,5,0.5629967770624005
15,1.0,2.0,0.61,0.8066666666666666,16,5,0.5809481051484585
15,1.2,2.0,0.8266666666666667,0.9233333333333333,16,5,0.5890404340586651
15,1.4,2.0,0.9266666666666666,0.9766666666666667,16,5,0.5841905229354074
15,1.6,2.0,0.99,0.9833333333333333,16,5,0.5809481051484585
15,1.8,2.0,1.0,0.9966666666666667,16,5,0.5793242521487494
15,2.0,2.0,1.0,1.0,16,5,0.5728119915700138
15,0.6,3.0,0.13666666666666666,0.3333333333333333,16,5,0.549833997312478
15,0.8,3.0,0.3433333333333333,0.6066666666666667,16,5,0.5938731029341427
15,1.0,3.0,0.61,0.8066666666666666,16,5,0.6201064323430902
15,1.2,3.0,0.8266666666666667,0.9233333333333333,16,5,0.6318124177361016
15,1.4,3.0,0.9266666666666666,0.9766666666666667,16,5,0.6248064744684294
15,1.6,3.0,0.99,0.9833333333333333,16,5,0.62010643234309
15,1.8,3.0,1.0,0.9966666666666667,16,5,0.617747874769249
15,2.0,3.0,1.0,1.0,16,5,0.6082590307465143
15,0.6,4.0,0.13666666666666666,0.3333333333333333,16,5,0.5662743941954392
15,0.8,4.0,0.3433333333333333,0.6066666666666667,16,5,0.6240247388269247
15,1.0,4.0,0.61,0.8066666666666666,16,5,0.6577612281002926
15,1.2,4.0,0.8266666666666667,0.9233333333333333,16,5,0.6726070170677605
15,1.4,4.0,0.9266666666666666,0.9766666666666667,16,5,0.6637386974043527
15,1.6,4.0,0.99,0.9833333333333333,16,5,0.6577612281002926
15,1.8,4.0,1.0,0.9966666666666667,16,5,0.6547534606063192
15,2.0,4.0,1.0,1.0,16,5,0.6425999592827027
15,0.6,5.0,0.13666666666666666,0.3333333333333333,16,5,0.5825702064623147
15,0.8,5.0,0.3433333333333333,0.6066666666666667,16,5,0.6532449007182834
15,1.0,5.0,0.61,0.8066666666666666,16,5,0.693528308197921
15,1.2,5.0,0.8266666666666667,0.9233333333333333,16,5,0.7109495026250039
15,1.4,5.0,0.9266666666666666,0.9766666666666667,16,5,0.7005671424739729
15,1.6,5.0,0.99,0.9833333333333333,16,5,0.6935283081979211
15,1.8,5.0,1.0,0.9966666666666667,16,5,0.6899744811276124
15,2.0,5.0,1.0,1.0,16,5,0.6755363229894542
15,0.6,6.0,0.13666666666666666,0.3333333333333333,16,5,0.598687660112452
15,0.8,6.0,0.3433333333333333,0.6066666666666667,16,5,0.6813537337890255
15,1.0,6.0,0.61,0.8066666666666666,16,5,0.7271082163411297
15,1.2,6.0,0.8266666666666667,0.9233333333333333,16,5,0.7464939833376621
15,1.4,6.0,0.9266666666666666,0.9766666666666667,16,5,0.7349725994665188
15,1.6,6.0,0.99,0.9833333333333333,16,5,0.7271082163411294
15,1.8,6.0,1.0,0.9966666666666667,16,5,0.7231218051243897
15,2.0,6.0,1.0,1.0,16,5,0.7068222210935674
15,0.6,7.0,0.13666666666666666,0.3333333333333333,16,5,0.6145944982675495
15,0.8,7.0,0.3433333333333333,0.6066666666666667,16,5,0.7082018109108575
15,1.0,7.0,0.61,0.8066666666666666,16,5,0.758291117231368
15,1.2,7.0,0.8266666666666667,0.9233333333333333,16,5,0.7790261077798122
15,1.4,7.0,0.9266666666666666,0.9766666666666667,16,5,0.7667410642285428
15,1.6,7.0,0.99,0.9833333333333333,16,5,0.7582911172313679
15,1.8,7.0,1.0,0.9966666666666667,16,5,0.7539887164489482
15,2.0,7.0,1.0,1.0,16,5,0.7362691494896231
15,0.6,8.0,0.13666666666666666,0.3333333333333333,16,5,0.6302602229177513
15,0.8,8.0,0.3433333333333333,0.6066666666666667,16,5,0.7336719810356634
15,1.0,8.0,0.61,0.8066666666666666,16,5,0.7869548340275105
15,1.2,8.0,0.8266666666666667,0.9233333333333333,16,5,0.8084546514385325
15,1.4,8.0,0.9266666666666666,0.9766666666666667,16,5,0.7957596977159082
15,1.6,8.0,0.99,0.9833333333333333,16,5,0.7869548340275105
15,1.8,8.0,1.0,0.9966666666666667,16,5,0.7824497764231124
15,2.0,8.0,1.0,1.0,16,5,0.7637470028054562
16,0.6,1.0,0.0,0.0,16,5,0.5216531151169002
16,0.8,1.0,0.0,0.0,16,5,0.5332840382511312
16,1.0,1.0,0.0,0.0,16,5,0.5357721111140789
16,1.2,1.0,0.0,0.0,16,5,0.5283030450758288
16,1.4,1.0,0.0,0.0,16,5,0.5283030450758288
16,1.6,1.0,0.0,0.0,16,5,0.5266414114504839
16,1.8,1.0,0.0,0.0,16,5,0.5241478655622194
16,2.0,1.0,0.0,0.0,16,5,0.5241478655622194
16,0.6,2.0,0.0,0.0,16,5,0.5432251644818576
16,0.8,2.0,0.0,0.0,16,5,0.5662743941954392
16,1.0,2.0,0.0,0.0,16,5,0.5711798826082736
16,1.2,2.0,0.0,0.0,16,5,0.55642528944941
16,1.4,2.0,0.0,0.0,16,5,0.5564252894494102
16,1.6,2.0,0.0,0.0,16,5,0.5531319780689512
16,1.8,2.0,0.0,0.0,16,5,0.5481833445504211
16,2.0,2.0,0.0,0.0,16,5,0.5481833445504211
16,0.6,3.0,0.0,0.0,16,5,0.5646362918030291
16,0.8,3.0,0.0,0.0,16,5,0.598687660112452
16,1.0,3.0,0.0,0.0,16,5,0.6058736684317606
16,1.2,3.0,0.0,0.0,16,5,0.5841905229354074
16,1.4,3.0,0.0,0.0,16,5,0.5841905229354074
16,1.6,3.0,0.0,0.0,16,5,0.5793242521487494
16,1.8,3.0,0.0,0.0,16,5,0.5719961329315185
16,2.0,3.0,0.0,0.0,16,5,0.5719961329315185
16,0.6,4.0,0.0,0.0,16,5,0.5858090215649849
16,0.8,4.0,0.0,0.0,16,5,0.6302602229177513
16,1.0,4.0,0.0,0.0,16,5,0.6395319681072323
16,1.2,4.0,0.0,0.0,16,5,0.6114314709070727
16,1.4,4.0,0.0,0.0,16,5,0.6114314709070727
16,1.6,4.0,0.0,0.0,16,5,0.6050774189417375
16,1.8,4.0,0.0,0.0,16,5,0.5954800102837482
16,2.0,4.0,0.0,0.0,16,5,0.5954800102837482
16,0.6,5.0,0.0,0.0,16,5,0.6066693561082114
16,0.8,5.0,0.0,0.0,16,5,0.6607563687658172
16,1.0,5.0,0.0,0.0,16,5,0.6718725724546255
16,1.2,5.0,0.0,0.0,16,5,0.6379936706609838
16,1.4,5.0,0.0,0.0,16,5,0.6379936706609838
16,1.6,5.0,0.0,0.0,16,5,0.6302602229177512
16,1.8,5.0,0.0,0.0,16,5,0.6185346833505526
16,2.0,5.0,0.0,0.0,16,5,0.6185346833505526
16,0.6,6.0,0.0,0.0,16,5,0.6271477663131956
16,0.8,6.0,0.0,0.0,16,5,0.6899744811276124
16,1.0,6.0,0.0,0.0,16,5,0.7026606543447316
16,1.2,6.0,0.0,0.0,16,5,0.6637386974043528
16,1.4,6.0,0.0,0.0,16,5,0.6637386974043525
16,1.6,6.0,0.0,0.0,16,5,0.6547534606063192
16,1.8,6.0,0.0,0.0,16,5,0.641067406334817
16,2.0,6.0,0.0,0.0,16,5,0.641067406334817
16,0.6,7.0,0.0,0.0,16,5,0.6471800492334971
16,0.8,7.0,0.0,0.0,16,5,0.71775105695774
16,1.0,7.0,0.0,0.0,16,5,0.731713446758121
16,1.2,7.0,0.0,0.0,16,5,0.6885466133829795
16,1.4,7.0,0.0,0.0,16,5,0.6885466133829795
16,1.6,7.0,0.0,0.0,16,5,0.6784519491420181
16,1.8,7.0,0.0,0.0,16,5,0.6629943263558578
16,2.0,7.0,0.0,0.0,16,5,0.6629943263558578
16,0.6,8.0,0.0,0.0,16,5,0.6667080326661231
16,0.8,8.0,0.0,0.0,16,5,0.743962491324758
16,1.0,8.0,0.0,0.0,16,5,0.7589015434364682
16,1.2,8.0,0.0,0.0,16,5,0.712317575644865
16,1.4,8.0,0.0,0.0,16,5,0.712317575644865
16,1.6,8.0,0.0,0.0,16,5,0.7012659173938621
16,1.8,8.0,0.0,0.0,16,5,0.6842415191748622
16,2.0,8.0,0.0,0.0,16,5,0.6842415191748622
